{
  "version": "baseline_v20260118_2020",
  "f1": 0.38166047087980176,
  "auc": 0.7659199342997184,
  "threshold": 0.5799999999999997,
  "params": {
    "learning_rate": 0.1,
    "max_depth": 5,
    "n_estimators": 200
  },
  "churn_rate": 0.12626114212949358,
  "trained_at": "2026-01-18T20:20:38.597175"
}