{
  "version": "baseline_v20260121_0333",
  "f1": 0.3910891089108911,
  "auc": 0.7694146070149824,
  "threshold": 0.5799999999999997,
  "params": {
    "learning_rate": 0.1,
    "max_depth": 5,
    "n_estimators": 200
  },
  "churn_rate": 0.12626114212949358,
  "trained_at": "2026-01-21T03:33:42.007845"
}