{
  "version": "retrained_v20260121_0333",
  "f1": 0.5268817204301075,
  "auc": 0.7829021123436395,
  "threshold": 0.6399999999999997,
  "params": {
    "learning_rate": 0.05,
    "max_depth": 3,
    "n_estimators": 200
  },
  "churn_rate": 0.2184485038444586,
  "trained_at": "2026-01-21T03:33:53.676376"
}