{
  "version": "retrained_v20260118_2021",
  "f1": 0.5298040850354314,
  "auc": 0.7854340166559899,
  "threshold": 0.6699999999999997,
  "params": {
    "learning_rate": 0.05,
    "max_depth": 5,
    "n_estimators": 100
  },
  "churn_rate": 0.2184485038444586,
  "trained_at": "2026-01-18T20:21:11.646276"
}